delete from leave_requests;
delete from employment;
delete from employee;
delete from leave_detail;
delete from salary;
delete from bank_details;
delete from address;
delete from supervisor;
delete from department;
delete from pay_level;
delete from job;
delete from leave_type;
delete from emp_status;
insert into department values ('Admin','0001');
insert into department values ('Human Resources','0002'),('Services','0003'),('Marketing','0004'),('Sales','0005'),('Product Management','0006'),('Research and Development','0007'),('Legal','0008');
insert into pay_level values ('1','Level 1'),('2','Level 1'),('3','Level 3');
insert into leave_type values ('01','Annual'),('02','Casual'),('03','Maternity'),('04','No-Pay');
insert into job values ('Software Engineer','001'),('Accountant','002'),('QA Engineer','003'),('Human Resources Manager','004'),('Human Resources','005');
insert into emp_status value ('2','Intern - Parttime'),('3','Intern - Fulltime'),('1','Permanent'),('4','Freelance');
insert into employee (name,gender,phone_number,email,birth_date,marital_status) values ("Sadeepa Dhananjaya","Male","0717035989",'sadeepaekanayaked@gmail.com','1999-02-01','Married');
insert into employee (name,gender,phone_number,email,birth_date,marital_status) values ("Shanilka Shanilka","Male","0775645321",'shalikaadithya123@gmail.com','1999-01-17','Married');
insert into employee (name,gender,phone_number,email,birth_date,marital_status) values ("Shanuka Lakshan","Male","0756434192",'shanukalakshan10@gmail.com','1987-05-03','Single');
insert into employee (name,gender,phone_number,email,birth_date,marital_status) values ("Harsha Senarathna",'Male','077344012','harsham@gmail.com','1999-07-10','Widowed');
insert into employee (name,gender,phone_number,email,birth_date,marital_status) values ("Ishara Malkumara","Male",'071868749','isharaam@gmai.com','1998-04-11','Separated');
insert into address values('20000','no.187/2','holla rd','central','Matale','20000');
insert into address values('20001','no.123/9','tolla rd','central','Galle','20200');
insert into address values('20002','no.200/3','talla rd','western','Kandy','15000');
insert into address values('20003','no.69/69','walla rd','central','Kandy','20140');
insert into address values('20004','no.71','balla rd','western','Colombo','40558');
insert into salary values ("001","3","400000");
insert into salary values ("001","1","200000");
insert into salary values ("001","2","300000");
insert into salary values ("002","3","100000");
insert into salary values ("002","2","200000");
insert into salary values ("002","1","300000");
insert into salary values ("003","3","100000");
insert into salary values ("003","2","150000");
insert into salary values ('004','1','200000');
insert into salary values ('004','2','150000');
insert into salary values ('004','3','100000');
insert into salary values ('005','1','80000');
insert into salary values ('005','2','700000');
insert into salary values ('005','3','600000');
insert into employment values("20000","001","1","1","0001");
insert into employment values("20001","002","1","1","0001");
insert into employment values("20002","003","1","1","0001");
insert into employment values('20003','004','2','3','0002');
insert into employment values('20004','005','3','2','0002');
insert into leave_detail values("1","01",'20');
insert into leave_detail values("2","01",'25');
insert into leave_detail values("3","01",'30');
insert into leave_detail values("1","02",'10');
insert into leave_detail values("2","02",'15');
insert into leave_detail values("3","02",'20');
insert into leave_detail values("1","03",'20');
insert into leave_detail values("2","03",'25');
insert into leave_detail values("3","03",'30');
insert into leave_detail values("1","04",'50');
insert into leave_detail values("2","04",'50');
insert into leave_detail values("3","04",'50');
insert into leave_requests (id,type_id,date_of_leave,date_requested,date_moderated,status) values("20000",'01','2022-09-10',null,null,'Pending');
insert into leave_requests (id,type_id,date_of_leave,date_requested,date_moderated,status) values("20000",'01','2022-09-11',null,null,'Pending');
insert into leave_requests (id,type_id,date_of_leave,date_requested,date_moderated,status) values("20000",'04','2022-09-12',null,null,'Pending');
insert into leave_requests (id,type_id,date_of_leave,date_requested,date_moderated,status) values("20000",'02','2022-09-13',null,null,'Pending');
insert into leave_requests (id,type_id,date_of_leave,date_requested,date_moderated,status) values("20001",'02','2022-10-10',null,null,'Pending');
insert into leave_requests (id,type_id,date_of_leave,date_requested,date_moderated,status) values("20001",'03','2022-08-10',null,null,'Approved');
insert into leave_requests (id,type_id,date_of_leave,date_requested,date_moderated,status) values("20002",'03','2022-10-10',null,null,'Pending');
insert into leave_requests (id,type_id,date_of_leave,date_requested,date_moderated,status) values("20001",'02','2022-10-11',null,null,'Approved');
insert into leave_requests (id,type_id,date_of_leave,date_requested,date_moderated,status) values("20001",'03','2022-10-12',null,null,'Pending');
insert into supervisor values("20000",'20001');
insert into supervisor values ('20000','20002');
insert into supervisor values ('20000','20003');
insert into supervisor values ('20001','20002');
insert into supervisor values ('20001','20003');
insert into supervisor values ('20002','20003');
insert into supervisor values ('20002','20004');
insert into bank_details values ("20000","Bank of ceylon","Matale","1234567890");
insert into bank_details values ("20001","People's bank","Galle",0987654321);
insert into bank_details values ("20002","Hatton National Bank","Kandy","5678901234");
insert into bank_details values ('20003','Sampath bank','Kandy','47394965730');
insert into bank_details values ('20004','Amana bank','Colombo','00156657877');
insert into payroll values('20000','2022-10-9');
insert into payroll values('20000','2022-09-9');
insert into payroll values('20000','2022-08-9');
insert into payroll values('20001','2022-10-9');
insert into payroll values('20002','2022-09-9');
insert into payroll values('20003','2022-08-9');
insert into payroll values('20004','2022-07-9');
insert into user values ('adi2012','20001','112233','admin','default.jpg',null);
insert into user values ('david007','20002','112233','hr','default.jpg',null);
insert into user values ('--ama--','20004','112233','user','default.jpg',null);
insert into user values ('sudumalli69','20003','112233','user','default.jpg',null);
insert into user values ('syph3rd','20000','112233','admin','default.jpg',null);

set autocommit=0;