delete from personal_leave;
delete from employment;
delete from employee;
delete from salary;
delete from leave_detail;
delete from supervisor;
insert into employee values ("Sadeepa Dhananjaya","200155","no188,jagol Rd,heart","0717035989",'1999-02-01');
insert into employee values ("Shanilka Thadiya","200165","no188,yort Rd,galle","0775645321",'1999-01-17');
insert into employee values ("Shanuka shanuka","200336","no188,torm Rd,kandy","0756434192",'1999-05-03');
insert into salary values ("CEO","3","100000");
insert into salary values ("manager","3","100000");
insert into salary values ("co-manager","3","100000");
insert into employment values("200155","CEO","3","Permenant","admin","20001756729");
insert into employment values("200165","manager","3","Permenant","admin","200012346729");
insert into employment values("200336","co-manager","3","Permenant","admin","20012466729");
insert into leave_detail values("3","CEO",'50','50','50','50');
insert into leave_detail values("3","manager",'30','20','20','50');
insert into leave_detail values("3","co-manager",'20','10','20','50');
insert into personal_leave values("200155",'annual','2022-09-10');
insert into personal_leave values("200155",'annual','2022-09-11');
insert into personal_leave values("200155",'annual','2022-09-12');
insert into personal_leave values("200155",'annual','2022-09-13');
insert into personal_leave values("200165",'casual','2022-10-10');
insert into personal_leave values("200165",'casual','2022-08-10');
insert into personal_leave values("200336",'maternity','2022-10-10');
insert into personal_leave values("200165",'casual','2022-10-11');
insert into personal_leave values("200165",'casual','2022-10-12');
insert into supervisor values("200155",'200165');
insert into supervisor values ('200155','200336');
insert into supervisor values ('200165','200336');