delete from leave_approved;
delete from leave_request;
delete from employment;
delete from employee;
delete from leave_detail;
delete from salary;
delete from bank_details;
delete from address;
delete from supervisor;
insert into employee (name,gender,phone_number,email,birth_date,marital_status) values ("Sadeepa Dhananjaya","male","0717035989",'sadeepaekanayaked@gmail.com','1999-02-01','married');
insert into employee (name,gender,phone_number,email,birth_date,marital_status) values ("Shanilka Shanilka","male","0775645321",'shalikaadithya123@gmail.com','1999-01-17','married');
insert into employee (name,gender,phone_number,email,birth_date,marital_status) values ("Shanuka Lakshan","male","0756434192",'shanukalakshan10@gmail.com','1987-05-03','single');
insert into employee (name,gender,phone_number,email,birth_date,marital_status) values ("Harsha Senarathna",'male','077344012','harsham@gmail.com','1999-07-10','widowed');
insert into employee (name,gender,phone_number,email,birth_date,marital_status) values ("Ishara Malkumara","male",'071868749','isharaam@gmai.com','1998-04-11','separated');
insert into address values('20000','no.187/2','holla rd','central','matale','20000');
insert into address values('20001','no.123/9','tolla rd','central','galle','20200');
insert into address values('20002','no.200/3','talla rd','western','kandy','15000');
insert into address values('20003','no.69/69','walla rd','central','kandy','20140');
insert into address values('20004','no.71','balla rd','western','colombo','40558');
insert into salary values ("Software engineer","3","400000");
insert into salary values ("Accountant","3","300000");
insert into salary values ("QA engineer","3","200000");
insert into salary values ('HR manager','3','100000');
insert into employment values("20000","Software engineer","3","Permenant","admin");
insert into employment values("20001","Accountant","3","Permenant","admin");
insert into employment values("20002","QA engineer","3","Permenant","admin");
insert into employment values('200595','HR manager','3','permenant','HR');
insert into employment values('20004','HR manager','3','intern','HR');
insert into leave_detail values("3","Software engineer",'50','50','50','50');
insert into leave_detail values("3","Accountant",'30','20','20','50');
insert into leave_detail values("3","QA engineer",'20','10','20','50');
insert into leave_detail values("3","HR manager",'12','8','20','50');
insert into personal_leave values("20000",'annual','2022-09-10');
insert into personal_leave values("20000",'annual','2022-09-11');
insert into personal_leave values("20000",'maternity','2022-09-12');
insert into personal_leave values("20000",'annual','2022-09-13');
insert into personal_leave values("20001",'casual','2022-10-10');
insert into personal_leave values("20001",'casual','2022-08-10');
insert into personal_leave values("20002",'casual','2022-10-10');
insert into personal_leave values("20001",'casual','2022-10-11');
insert into personal_leave values("20001",'maternity','2022-10-12');
insert into supervisor values("20000",'20001');
insert into supervisor values ('20000','20002');
insert into supervisor values ('20000','200595');
insert into supervisor values ('20001','20002');
insert into supervisor values ('20001','200595');
insert into supervisor values ('20002','200595');
insert into supervisor values ('20002','20004');
insert into bank_details values ("20000","Bank of ceylon","Matale","1234567890");
insert into bank_details values ("20001","People's bank","Galle",0987654321);
insert into bank_details values ("20002","Hatton National Bank","kandy","5678901234");
insert into bank_details values ('20003','Sampath bank','kandy','47394965730');
insert into bank_details values ('20004','Amana bank','colombo','00156657877');
insert into payroll values('20000','2022-10-9');
insert into payroll values('20000','2022-09-9');
insert into payroll values('20000','2022-08-9');
insert into payroll values('20001','2022-10-9');
insert into payroll values('20002','2022-09-9');
insert into payroll values('20003','2022-08-9');
insert into payroll values('20004','2022-07-9');