delete from personal_leave;
delete from employee;
delete from employment;
delete from leave_detail;
delete from salary;
delete from bank_details;
delete from address;
delete from supervisor;
insert into employee values ("Sadeepa Dhananjaya","200155","male","0717035989",'1999-02-01');
insert into employee values ("Shanilka Shanilka","200165","male","0775645321",'1999-01-17');
insert into employee values ("Shanuka Lakshan","200336","male","0756434192",'1987-05-03');
insert into employee values ("Harsha Senarathna",'200595','male','077344012','1999-07-10');
insert into address values('200155','no.187/2','holla rd','central','matale','20000');
insert into address values('200165','no.123/9','tqlla rd','central','galle','20200');
insert into address values('200336','no.200/3','talla rd','western','kandy','15000');
insert into address values('200595','no.69/69','walla rd','central','kandy','20140');
insert into salary values ("CEO","3","100000");
insert into salary values ("manager","3","100000");
insert into salary values ("co-manager","3","100000");
insert into salary values ('HR-manager','3','100000');
insert into employment values("200155","CEO","3","Permenant","admin");
insert into employment values("200165","manager","3","Permenant","admin");
insert into employment values("200336","co-manager","3","Permenant","admin");
insert into employment values('200595','HR-manager','3','permenant','HR');
insert into leave_detail values("3","CEO",'50','50','50','50');
insert into leave_detail values("3","manager",'30','20','20','50');
insert into leave_detail values("3","co-manager",'20','10','20','50');
insert into personal_leave values("200155",'annual','2022-09-10');
insert into personal_leave values("200155",'annual','2022-09-11');
insert into personal_leave values("200155",'annual','2022-09-12');
insert into personal_leave values("200155",'annual','2022-09-13');
insert into personal_leave values("200165",'casual','2022-10-10');
insert into personal_leave values("200165",'casual','2022-08-10');
insert into personal_leave values("200336",'maternity','2022-10-10');
insert into personal_leave values("200165",'casual','2022-10-11');
insert into personal_leave values("200165",'casual','2022-10-12');
insert into supervisor values("200155",'200165');
insert into supervisor values ('200155','200336');
insert into supervisor values ('200155','200595');
insert into supervisor values ('200165','200336');
insert into supervisor values ('200165','200595');
insert into supervisor values ('200336','200595');
insert into bank_details values ("200155","Bank of ceylon","Matale","1234567890");
insert into bank_details values ("200165","People's bank","Galle",0987654321);
insert into bank_details values ("200336","Hatton National Bank","kandy","5678901234");
insert into bank_details values ('200595','Sampath bank','kandy','47394965730');
